<?xml version="1.0" encoding="UTF-8"?>
<project-private xmlns="http://www.netbeans.org/ns/project-private/1">
    <editor-bookmarks xmlns="http://www.netbeans.org/ns/editor-bookmarks/2" lastBookmarkId="0"/>
    <open-files xmlns="http://www.netbeans.org/ns/projectui-open-files/2">
        <group>
            <file>file:/D:/UIT/II/Test.git/XeKhachThanhXuan/src/View/KhachHang/ChonChuyen.java</file>
            <file>file:/D:/UIT/II/Test.git/XeKhachThanhXuan/src/View/QuanLy/TuyenXe/Homepage_QuanLyTuyenXe.java</file>
            <file>file:/D:/UIT/II/Test.git/XeKhachThanhXuan/src/View/NhanVien/DatVe/Homepage_QuanLyDatVe.java</file>
            <file>file:/D:/UIT/II/Test.git/XeKhachThanhXuan/src/View/Home/NewJFrame.java</file>
            <file>file:/D:/UIT/II/Test.git/XeKhachThanhXuan/src/View/NhanVien/DatVe/Them_DatVe.java</file>
            <file>file:/D:/UIT/II/Test.git/XeKhachThanhXuan/src/View/NhanVien/Homepage_NguoiNhanVien.java</file>
            <file>file:/D:/UIT/II/Test.git/XeKhachThanhXuan/src/View/NhanVien/HanhKhach/QuanLyHanhKhach.java</file>
            <file>file:/D:/UIT/II/Test.git/XeKhachThanhXuan/src/View/NhanVien/HanhKhach/Sua_HanhKhach.java</file>
            <file>file:/D:/UIT/II/Test.git/XeKhachThanhXuan/src/Process/QuanLy/TuyenXe/TuyenXe.java</file>
            <file>file:/D:/UIT/II/Test.git/XeKhachThanhXuan/src/View/NhanVien/HoanVe/Homepage_QuanLyHoanVe.java</file>
            <file>file:/D:/UIT/II/Test.git/XeKhachThanhXuan/src/View/NhanVien/HoanVe/Them_HoanVe.java</file>
        </group>
    </open-files>
</project-private>
